category_id,url
3,top-cat-01.html
4,top-cat-01/cat-02-01-01.html
5,top-cat-01/cat-02-01-02.html
6,top-cat-01/cat-02-01-03.html
7,top-cat-01/cat-02-01-04.html
8,top-cat-01/cat-02-01-05.html
9,top-cat-01/cat-02-01-06.html
10,top-cat-01/cat-02-01-07.html
11,top-cat-01/cat-02-01-08.html
12,top-cat-01/cat-02-01-09.html
13,top-cat-01/cat-02-01-10.html
14,top-cat-02.html
15,top-cat-02/cat-02-02-01.html
16,top-cat-02/cat-02-02-02.html
17,top-cat-02/cat-02-02-03.html
18,top-cat-02/cat-02-02-04.html
19,top-cat-02/cat-02-02-05.html
20,top-cat-02/cat-02-02-06.html
21,top-cat-02/cat-02-02-07.html
22,top-cat-02/cat-02-02-08.html
23,top-cat-02/cat-02-02-09.html
24,top-cat-02/cat-02-02-10.html
25,top-cat-03.html
26,top-cat-03/cat-02-03-01.html
27,top-cat-03/cat-02-03-02.html
28,top-cat-03/cat-02-03-03.html
29,top-cat-03/cat-02-03-04.html
30,top-cat-03/cat-02-03-05.html
31,top-cat-03/cat-02-03-06.html
32,top-cat-03/cat-02-03-07.html
33,top-cat-03/cat-02-03-08.html
34,top-cat-03/cat-02-03-09.html
35,top-cat-03/cat-02-03-10.html
36,top-cat-04.html
37,top-cat-04/cat-02-04-01.html
38,top-cat-04/cat-02-04-02.html
39,top-cat-04/cat-02-04-03.html
40,top-cat-04/cat-02-04-04.html
41,top-cat-04/cat-02-04-05.html
42,top-cat-04/cat-02-04-06.html
43,top-cat-04/cat-02-04-07.html
44,top-cat-04/cat-02-04-08.html
45,top-cat-04/cat-02-04-09.html
46,top-cat-04/cat-02-04-10.html
47,top-cat-05.html
48,top-cat-05/cat-02-05-01.html
49,top-cat-05/cat-02-05-02.html
50,top-cat-05/cat-02-05-03.html
51,top-cat-05/cat-02-05-04.html
52,top-cat-05/cat-02-05-05.html
53,top-cat-05/cat-02-05-06.html
54,top-cat-05/cat-02-05-07.html
55,top-cat-05/cat-02-05-08.html
56,top-cat-05/cat-02-05-09.html
57,top-cat-05/cat-02-05-10.html
58,top-cat-06.html
59,top-cat-06/cat-02-06-01.html
60,top-cat-06/cat-02-06-02.html
61,top-cat-06/cat-02-06-03.html
62,top-cat-06/cat-02-06-04.html
63,top-cat-06/cat-02-06-05.html
64,top-cat-06/cat-02-06-06.html
65,top-cat-06/cat-02-06-07.html
66,top-cat-06/cat-02-06-08.html
67,top-cat-06/cat-02-06-09.html
68,top-cat-06/cat-02-06-10.html
69,top-cat-07.html
70,top-cat-07/cat-02-07-01.html
71,top-cat-07/cat-02-07-02.html
72,top-cat-07/cat-02-07-03.html
73,top-cat-07/cat-02-07-04.html
74,top-cat-07/cat-02-07-05.html
75,top-cat-07/cat-02-07-06.html
76,top-cat-07/cat-02-07-07.html
77,top-cat-07/cat-02-07-08.html
78,top-cat-07/cat-02-07-09.html
79,top-cat-07/cat-02-07-10.html
80,top-cat-08.html
81,top-cat-08/cat-02-08-01.html
82,top-cat-08/cat-02-08-02.html
83,top-cat-08/cat-02-08-03.html
84,top-cat-08/cat-02-08-04.html
85,top-cat-08/cat-02-08-05.html
86,top-cat-08/cat-02-08-06.html
87,top-cat-08/cat-02-08-07.html
88,top-cat-08/cat-02-08-08.html
89,top-cat-08/cat-02-08-09.html
90,top-cat-08/cat-02-08-10.html
